{
  "image": "game.webp",
  "width": 1024,
  "height": 1024,
  "color": "#000000",
  "list": [
    {
      "minX": 0,
      "minY": 0,
      "maxX": 180,
      "maxY": 178,
      "index": 0
    },
    {
      "minX": 186,
      "minY": 0,
      "maxX": 388,
      "maxY": 178,
      "index": 1
    },
    {
      "minX": 394,
      "minY": 0,
      "maxX": 835,
      "maxY": 178,
      "index": 2
    },
    {
      "minX": 841,
      "minY": 0,
      "maxX": 1023,
      "maxY": 178,
      "index": 3
    },
    {
      "minX": 442,
      "minY": 135,
      "maxX": 576,
      "maxY": 253,
      "index": 4
    },
    {
      "minX": 0,
      "minY": 184,
      "maxX": 180,
      "maxY": 362,
      "index": 5
    },
    {
      "minX": 187,
      "minY": 184,
      "maxX": 388,
      "maxY": 362,
      "index": 6
    },
    {
      "minX": 394,
      "minY": 184,
      "maxX": 435,
      "maxY": 227,
      "index": 7
    },
    {
      "minX": 586,
      "minY": 184,
      "maxX": 835,
      "maxY": 362,
      "index": 8
    },
    {
      "minX": 841,
      "minY": 184,
      "maxX": 1023,
      "maxY": 362,
      "index": 9
    },
    {
      "minX": 283,
      "minY": 217,
      "maxX": 680,
      "maxY": 501,
      "index": 10
    },
    {
      "minX": 363,
      "minY": 224,
      "maxX": 549,
      "maxY": 300,
      "index": 11
    },
    {
      "minX": 310,
      "minY": 228,
      "maxX": 586,
      "maxY": 369,
      "index": 12
    },
    {
      "minX": 444,
      "minY": 275,
      "maxX": 482,
      "maxY": 299,
      "index": 13
    },
    {
      "minX": 566,
      "minY": 280,
      "maxX": 599,
      "maxY": 311,
      "index": 14
    },
    {
      "minX": 642,
      "minY": 323,
      "maxX": 656,
      "maxY": 361,
      "index": 15
    },
    {
      "minX": 572,
      "minY": 324,
      "maxX": 731,
      "maxY": 491,
      "index": 16
    },
    {
      "minX": 343,
      "minY": 333,
      "maxX": 380,
      "maxY": 348,
      "index": 17
    },
    {
      "minX": 452,
      "minY": 344,
      "maxX": 489,
      "maxY": 367,
      "index": 18
    },
    {
      "minX": 0,
      "minY": 368,
      "maxX": 180,
      "maxY": 529,
      "index": 19
    },
    {
      "minX": 186,
      "minY": 368,
      "maxX": 294,
      "maxY": 529,
      "index": 20
    },
    {
      "minX": 723,
      "minY": 368,
      "maxX": 835,
      "maxY": 529,
      "index": 21
    },
    {
      "minX": 841,
      "minY": 368,
      "maxX": 1023,
      "maxY": 529,
      "index": 22
    },
    {
      "minX": 579,
      "minY": 403,
      "maxX": 614,
      "maxY": 430,
      "index": 23
    },
    {
      "minX": 380,
      "minY": 404,
      "maxX": 417,
      "maxY": 422,
      "index": 24
    },
    {
      "minX": 671,
      "minY": 410,
      "maxX": 701,
      "maxY": 443,
      "index": 25
    },
    {
      "minX": 315,
      "minY": 411,
      "maxX": 344,
      "maxY": 443,
      "index": 26
    },
    {
      "minX": 481,
      "minY": 448,
      "maxX": 515,
      "maxY": 472,
      "index": 27
    },
    {
      "minX": 291,
      "minY": 452,
      "maxX": 725,
      "maxY": 545,
      "index": 28
    },
    {
      "minX": 300,
      "minY": 504,
      "maxX": 358,
      "maxY": 705,
      "index": 29
    },
    {
      "minX": 657,
      "minY": 504,
      "maxX": 717,
      "maxY": 705,
      "index": 30
    },
    {
      "minX": 327,
      "minY": 521,
      "maxX": 385,
      "maxY": 724,
      "index": 31
    },
    {
      "minX": 630,
      "minY": 521,
      "maxX": 690,
      "maxY": 724,
      "index": 32
    },
    {
      "minX": 131,
      "minY": 524,
      "maxX": 875,
      "maxY": 883,
      "index": 33
    },
    {
      "minX": 358,
      "minY": 533,
      "maxX": 414,
      "maxY": 735,
      "index": 34
    },
    {
      "minX": 602,
      "minY": 534,
      "maxX": 658,
      "maxY": 735,
      "index": 35
    },
    {
      "minX": 0,
      "minY": 535,
      "maxX": 1023,
      "maxY": 1023,
      "index": 36
    },
    {
      "minX": 395,
      "minY": 543,
      "maxX": 443,
      "maxY": 743,
      "index": 37
    },
    {
      "minX": 572,
      "minY": 544,
      "maxX": 622,
      "maxY": 743,
      "index": 38
    },
    {
      "minX": 433,
      "minY": 550,
      "maxX": 474,
      "maxY": 748,
      "index": 39
    },
    {
      "minX": 543,
      "minY": 551,
      "maxX": 583,
      "maxY": 747,
      "index": 40
    },
    {
      "minX": 472,
      "minY": 554,
      "maxX": 505,
      "maxY": 749,
      "index": 41
    },
    {
      "minX": 512,
      "minY": 554,
      "maxX": 545,
      "maxY": 749,
      "index": 42
    },
    {
      "minX": 202,
      "minY": 562,
      "maxX": 807,
      "maxY": 820,
      "index": 43
    },
    {
      "minX": 520,
      "minY": 696,
      "maxX": 951,
      "maxY": 929,
      "index": 44
    },
    {
      "minX": 800,
      "minY": 779,
      "maxX": 837,
      "maxY": 791,
      "index": 45
    },
    {
      "minX": 172,
      "minY": 786,
      "maxX": 547,
      "maxY": 943,
      "index": 46
    },
    {
      "minX": 645,
      "minY": 792,
      "maxX": 838,
      "maxY": 931,
      "index": 47
    },
    {
      "minX": 698,
      "minY": 795,
      "maxX": 793,
      "maxY": 860,
      "index": 48
    },
    {
      "minX": 570,
      "minY": 936,
      "maxX": 608,
      "maxY": 942,
      "index": 49
    }
  ]
}